Day of the Week;Product 1;Product 2;Product 3;Product 4;Time of the day
Monday;Bread;Orange;Beef;Butter;Evening
Tuesday;Pasta;Apple;Chicken;Cheese;Morning
Wednesday;Rice;Apple;Chicken;Cheese;Afternoon
Thursday;Bread;Orange;Beef;Egg;Morning
Friday;Pasta;Apple;Fish;Egg;Evening
Saturday;Rice;Orange;Fish;Egg;Evening
Sunday;Bread;Orange;Beef;Butter;Evening
Monday;Bread;Grapes;Beef;Cheese;Evening
Tuesday;Bread;Apple;Chicken;Milk;Afternoon
Wednesday;Bread;Orange;Beef;Egg;Morning
Thursday;Bread;Apple;Fish;Butter;Evening
Friday;Potato;Apple;Fish;Butter;Evening
Saturday;Potato;Orange;Chicken;Cheese;Morning
Sunday;Potato;Orange;Chicken;Milk;Afternoon
Monday;Bread;Apple;Chicken;Cheese;Evening
Tuesday;Pasta;Blueberry;Chicken;Cheese;Afternoon
Wednesday;Rice;Orange;Fish;Cheese;Afternoon
Thursday;Potato;Orange;Beef;Milk;Afternoon
Friday;Pasta;Apple;Beef;Milk;Evening
Saturday;Rice;Apple;Chicken;Cheese;Afternoon
Sunday;Pasta;Apple;Beef;Butter;Evening
Monday;Bread;Apple;Fish;Cheese;Morning
Tuesday;Pasta;Grapes;Chicken;Cheese;Evening
Wednesday;Bread;Grapes;Fish;Egg;Evening
Thursday;Bread;Apple;Fish;Butter;Evening
Friday;Bread;Apple;Chicken;Cheese;Evening
Saturday;Pasta;Blueberry;Chicken;Cheese;Evening
Sunday;Bread;Orange;Chicken;Butter;Evening
Monday;Potato;Apple;Chicken;Butter;Evening
Tuesday;Bread;Apple;Beef;Egg;Evening
Wednesday;Rice;Apple;Chicken;Egg;Evening
Thursday;Rice;Banana;Fish;Cheese;Evening
Friday;Bread;Banana;Fish;Cheese;Evening
Saturday;Pasta;Orange;Fish;Cheese;Evening
Sunday;Potato;Orange;Chicken;Egg;Afternoon
Monday;Bread;Orange;Chicken;Egg;Evening
Tuesday;Bread;Apple;Beef;Cheese;Evening
Wednesday;Pasta;Orange;Chicken;Egg;Afternoon
Thursday;Bread;Apple;Fish;Butter;Evening
Friday;Potato;Banana;Beef;Milk;Afternoon
Saturday;Pasta;Apple;Chicken;Cheese;Evening
Sunday;Bread;Apple;Chicken;Milk;Evening
Monday;Pasta;Apple;Beef;Milk;Evening
Tuesday;Pasta;Apple;Fish;Milk;Evening
Wednesday;Bread;Orange;Fish;Cheese;Evening
Thursday;Rice;Banana;Beef;Cheese;Afternoon
Friday;Pasta;Orange;Beef;Cheese;Evening
Saturday;Bread;Apple;Chicken;Egg;Evening
Sunday;Potato;Banana;Chicken;Egg;Evening
Monday;Pasta;Apple;Fish;Egg;Afternoon
Tuesday;Pasta;Apple;Beef;Cheese;Morning
Wednesday;Potato;Grapes;Chicken;Egg;Afternoon
Thursday;Pasta;Banana;Chicken;Milk;Morning
Friday;Bread;Apple;Fish;Egg;Morning
Saturday;Potato;Orange;Beef;Cheese;Evening
Sunday;Bread;Orange;Fish;Milk;Afternoon
Monday;Bread;Grapes;Beef;Egg;Afternoon
Tuesday;Potato;Orange;Chicken;Egg;Evening
Wednesday;Bread;Blueberry;Fish;Cheese;Morning
Thursday;Bread;Apple;Chicken;Cheese;Evening
Friday;Rice;Blueberry;Beef;Egg;Evening
Saturday;Bread;Apple;Beef;Butter;Evening
Sunday;Pasta;Apple;Chicken;Egg;Evening
Monday;Rice;Blueberry;Chicken;Butter;Evening
Tuesday;Rice;Apple;Chicken;Butter;Afternoon
Wednesday;Bread;Apple;Fish;Egg;Evening
Thursday;Bread;Orange;Chicken;Milk;Evening
Friday;Bread;Apple;Chicken;Egg;Evening
Saturday;Bread;Grapes;Beef;Cheese;Evening
Sunday;Bread;Apple;Chicken;Butter;Morning
Monday;Pasta;Apple;Chicken;Milk;Afternoon
Tuesday;Rice;Orange;Fish;Milk;Evening
Wednesday;Bread;Blueberry;Beef;Egg;Evening
Thursday;Rice;Apple;Chicken;Milk;Evening
Friday;Bread;Apple;Chicken;Cheese;Afternoon
Saturday;Pasta;Orange;Chicken;Cheese;Morning
Sunday;Bread;Banana;Chicken;Cheese;Evening
Monday;Bread;Grapes;Fish;Cheese;Evening
Tuesday;Pasta;Grapes;Chicken;Egg;Evening
Wednesday;Rice;Apple;Fish;Cheese;Evening
Thursday;Bread;Apple;Chicken;Egg;Morning
Friday;Pasta;Blueberry;Beef;Egg;Evening
Saturday;Rice;Apple;Beef;Butter;Afternoon
Sunday;Bread;Apple;Chicken;Milk;Morning
Monday;Bread;Apple;Chicken;Cheese;Afternoon
Tuesday;Potato;Apple;Chicken;Milk;Morning
Wednesday;Potato;Orange;Chicken;Cheese;Evening
Thursday;Bread;Apple;Fish;Cheese;Morning
Friday;Rice;Blueberry;Beef;Egg;Morning
Saturday;Pasta;Orange;Chicken;Egg;Afternoon
Sunday;Bread;Apple;Chicken;Egg;Afternoon
Monday;Potato;Blueberry;Fish;Egg;Morning
Tuesday;Pasta;Apple;Chicken;Butter;Evening
Wednesday;Bread;Apple;Chicken;Butter;Morning
Thursday;Bread;Grapes;Beef;Egg;Morning
Friday;Bread;Apple;Chicken;Cheese;Morning
Saturday;Bread;Blueberry;Chicken;Cheese;Afternoon
Sunday;Rice;Apple;Fish;Egg;Afternoon
Monday;Bread;Blueberry;Beef;Butter;Afternoon
Tuesday;Bread;Apple;Chicken;Milk;Morning
Wednesday;Bread;Apple;Beef;Cheese;Evening
Thursday;Potato;Grapes;Chicken;Cheese;Evening
Friday;Rice;Grapes;Chicken;Butter;Morning
Saturday;Bread;Apple;Fish;Cheese;Afternoon
Sunday;Potato;Apple;Fish;Cheese;Afternoon
Monday;Bread;Apple;Chicken;Cheese;Evening
Tuesday;Bread;Apple;Beef;Milk;Evening
Wednesday;Bread;Grapes;Chicken;Cheese;Evening
Thursday;Bread;Apple;Beef;Milk;Morning
Friday;Bread;Apple;Fish;Butter;Afternoon
Saturday;Bread;Apple;Chicken;Cheese;Morning
Sunday;Bread;Orange;Beef;Egg;Evening
Monday;Rice;Grapes;Fish;Egg;Evening
Tuesday;Pasta;Orange;Chicken;Egg;Afternoon
Wednesday;Potato;Blueberry;Fish;Cheese;Afternoon
Thursday;Bread;Apple;Chicken;Cheese;Evening
Friday;Rice;Grapes;Chicken;Cheese;Evening
Saturday;Bread;Banana;Chicken;Butter;Evening
Sunday;Pasta;Apple;Beef;Butter;Morning
Monday;Bread;Apple;Beef;Cheese;Afternoon
Tuesday;Potato;Grapes;Beef;Butter;Evening
Wednesday;Bread;Blueberry;Fish;Cheese;Evening
Thursday;Bread;Banana;Beef;Cheese;Afternoon
Friday;Bread;Orange;Beef;Cheese;Evening
Saturday;Bread;Blueberry;Chicken;Butter;Afternoon
Sunday;Rice;Orange;Chicken;Cheese;Morning
Monday;Bread;Apple;Chicken;Cheese;Evening
Tuesday;Pasta;Apple;Chicken;Cheese;Morning
Wednesday;Bread;Apple;Beef;Cheese;Morning
Thursday;Rice;Blueberry;Chicken;Milk;Morning
Friday;Rice;Apple;Beef;Egg;Morning
Saturday;Pasta;Apple;Beef;Cheese;Evening
Sunday;Bread;Apple;Beef;Milk;Morning
Monday;Rice;Blueberry;Chicken;Egg;Afternoon
Tuesday;Bread;Apple;Beef;Milk;Morning
Wednesday;Potato;Apple;Fish;Egg;Evening
Thursday;Bread;Apple;Fish;Egg;Evening
Friday;Bread;Apple;Beef;Milk;Evening
Saturday;Bread;Blueberry;Beef;Cheese;Evening
Sunday;Rice;Orange;Fish;Butter;Evening
Monday;Potato;Orange;Chicken;Cheese;Afternoon
Tuesday;Rice;Orange;Fish;Cheese;Evening
Wednesday;Bread;Orange;Fish;Egg;Afternoon
Thursday;Bread;Orange;Chicken;Cheese;Afternoon
Friday;Pasta;Grapes;Chicken;Butter;Evening
Saturday;Bread;Apple;Chicken;Egg;Evening
Sunday;Bread;Apple;Chicken;Egg;Morning
Monday;Rice;Grapes;Chicken;Cheese;Afternoon
Tuesday;Rice;Apple;Beef;Cheese;Evening
Wednesday;Bread;Apple;Beef;Egg;Morning
Thursday;Bread;Grapes;Beef;Butter;Morning
Friday;Pasta;Apple;Chicken;Egg;Evening
Saturday;Potato;Orange;Chicken;Butter;Evening
Sunday;Bread;Blueberry;Fish;Milk;Afternoon
Monday;Pasta;Apple;Beef;Cheese;Evening
Tuesday;Bread;Apple;Chicken;Egg;Afternoon
Wednesday;Potato;Banana;Chicken;Butter;Morning
Thursday;Rice;Apple;Chicken;Butter;Evening
Friday;Bread;Apple;Fish;Cheese;Evening
Saturday;Potato;Apple;Fish;Butter;Evening
Sunday;Pasta;Orange;Chicken;Milk;Evening
Monday;Bread;Apple;Beef;Egg;Evening
Tuesday;Pasta;Apple;Chicken;Cheese;Morning
Wednesday;Rice;Banana;Fish;Cheese;Afternoon
Thursday;Potato;Grapes;Fish;Cheese;Morning
Friday;Potato;Apple;Chicken;Milk;Evening
Saturday;Bread;Orange;Chicken;Egg;Afternoon
Sunday;Pasta;Apple;Chicken;Cheese;Afternoon
Monday;Pasta;Grapes;Chicken;Milk;Morning
Tuesday;Bread;Apple;Fish;Cheese;Afternoon
Wednesday;Pasta;Apple;Chicken;Butter;Afternoon
Thursday;Bread;Orange;Beef;Cheese;Morning
Friday;Pasta;Orange;Beef;Milk;Afternoon
Saturday;Potato;Apple;Chicken;Butter;Afternoon
Sunday;Bread;Grapes;Fish;Milk;Afternoon
Monday;Potato;Orange;Chicken;Butter;Afternoon
Tuesday;Potato;Apple;Chicken;Milk;Evening
Wednesday;Bread;Banana;Chicken;Cheese;Evening
Thursday;Potato;Apple;Chicken;Butter;Afternoon
Friday;Bread;Orange;Chicken;Cheese;Morning
Saturday;Bread;Apple;Beef;Cheese;Morning
Sunday;Bread;Apple;Beef;Butter;Evening
Monday;Rice;Grapes;Beef;Egg;Afternoon
Tuesday;Bread;Grapes;Chicken;Milk;Evening
Wednesday;Bread;Banana;Beef;Cheese;Evening
Thursday;Potato;Orange;Beef;Egg;Afternoon
Friday;Pasta;Apple;Chicken;Butter;Afternoon
Saturday;Bread;Orange;Chicken;Cheese;Evening
Sunday;Bread;Blueberry;Beef;Egg;Evening
Monday;Potato;Apple;Chicken;Cheese;Morning
Tuesday;Bread;Apple;Fish;Butter;Evening
Wednesday;Pasta;Banana;Beef;Cheese;Morning
Thursday;Bread;Blueberry;Beef;Milk;Morning
Friday;Bread;Orange;Beef;Milk;Evening
Saturday;Bread;Banana;Chicken;Cheese;Afternoon
Sunday;Bread;Grapes;Beef;Cheese;Morning
Monday;Bread;Apple;Fish;Butter;Afternoon
Tuesday;Bread;Grapes;Chicken;Milk;Morning
Wednesday;Bread;Orange;Beef;Cheese;Evening
Thursday;Bread;Apple;Chicken;Cheese;Morning
Friday;Bread;Blueberry;Fish;Butter;Evening
Saturday;Rice;Apple;Fish;Milk;Evening
Sunday;Pasta;Apple;Fish;Butter;Evening
Monday;Bread;Grapes;Fish;Cheese;Evening
Tuesday;Bread;Orange;Beef;Butter;Morning
Wednesday;Bread;Apple;Fish;Cheese;Evening
Thursday;Bread;Apple;Chicken;Cheese;Evening
Friday;Pasta;Blueberry;Fish;Cheese;Morning
Saturday;Bread;Apple;Fish;Cheese;Afternoon
Sunday;Bread;Apple;Chicken;Egg;Morning
Monday;Bread;Orange;Chicken;Egg;Evening
Tuesday;Bread;Apple;Beef;Cheese;Evening
Wednesday;Pasta;Orange;Beef;Milk;Evening
Thursday;Rice;Apple;Chicken;Cheese;Evening
Friday;Bread;Grapes;Chicken;Cheese;Morning
Saturday;Pasta;Apple;Chicken;Cheese;Evening
Sunday;Potato;Banana;Beef;Egg;Evening
Monday;Bread;Apple;Chicken;Cheese;Evening
Tuesday;Potato;Grapes;Chicken;Butter;Morning
Wednesday;Bread;Blueberry;Chicken;Milk;Evening
Thursday;Bread;Apple;Chicken;Cheese;Evening
Friday;Potato;Apple;Chicken;Cheese;Evening
Saturday;Pasta;Apple;Chicken;Butter;Evening
Sunday;Potato;Apple;Chicken;Milk;Evening
Monday;Pasta;Apple;Beef;Cheese;Evening
Tuesday;Bread;Apple;Chicken;Milk;Evening
Wednesday;Potato;Orange;Fish;Cheese;Morning
Thursday;Pasta;Grapes;Chicken;Milk;Evening
Friday;Bread;Apple;Beef;Butter;Evening
Saturday;Pasta;Blueberry;Fish;Egg;Morning
Sunday;Pasta;Apple;Beef;Milk;Evening
Monday;Bread;Apple;Fish;Milk;Afternoon
Tuesday;Bread;Orange;Chicken;Butter;Evening
Wednesday;Potato;Banana;Fish;Egg;Afternoon
Thursday;Bread;Orange;Fish;Cheese;Evening
Friday;Potato;Apple;Beef;Cheese;Evening
Saturday;Bread;Apple;Chicken;Cheese;Evening
Sunday;Pasta;Apple;Fish;Butter;Evening
Monday;Bread;Apple;Beef;Cheese;Morning
Tuesday;Bread;Blueberry;Chicken;Butter;Afternoon
Wednesday;Potato;Banana;Fish;Cheese;Afternoon
Thursday;Bread;Banana;Beef;Cheese;Afternoon
Friday;Pasta;Apple;Beef;Milk;Evening
Saturday;Bread;Apple;Beef;Cheese;Morning
Sunday;Pasta;Orange;Fish;Cheese;Evening
Monday;Bread;Grapes;Beef;Butter;Morning
Tuesday;Bread;Banana;Chicken;Butter;Evening
Wednesday;Bread;Apple;Fish;Cheese;Morning
Thursday;Pasta;Orange;Chicken;Egg;Afternoon
Friday;Bread;Apple;Chicken;Butter;Evening
Saturday;Potato;Blueberry;Chicken;Butter;Afternoon
Sunday;Rice;Apple;Beef;Butter;Evening
Monday;Potato;Orange;Beef;Cheese;Evening
Tuesday;Bread;Blueberry;Chicken;Milk;Morning
Wednesday;Bread;Apple;Chicken;Butter;Evening
Thursday;Pasta;Apple;Chicken;Cheese;Evening
Friday;Bread;Blueberry;Chicken;Cheese;Evening
Saturday;Bread;Apple;Chicken;Butter;Afternoon
Sunday;Bread;Blueberry;Beef;Egg;Afternoon
Monday;Potato;Orange;Chicken;Cheese;Evening
Tuesday;Rice;Grapes;Chicken;Cheese;Afternoon
Wednesday;Bread;Orange;Fish;Cheese;Afternoon
Thursday;Bread;Apple;Beef;Butter;Morning
Friday;Bread;Apple;Beef;Egg;Afternoon
Saturday;Bread;Grapes;Chicken;Milk;Evening
Sunday;Rice;Apple;Chicken;Egg;Morning
Monday;Bread;Banana;Chicken;Cheese;Evening
Tuesday;Bread;Apple;Chicken;Milk;Afternoon
Wednesday;Pasta;Apple;Chicken;Cheese;Morning
Thursday;Bread;Apple;Fish;Egg;Evening
Friday;Bread;Orange;Fish;Cheese;Morning
Saturday;Pasta;Orange;Fish;Milk;Afternoon
Sunday;Bread;Apple;Fish;Egg;Morning
Monday;Bread;Apple;Chicken;Egg;Morning
Tuesday;Potato;Blueberry;Chicken;Milk;Evening
Wednesday;Pasta;Grapes;Chicken;Cheese;Afternoon
Thursday;Potato;Apple;Chicken;Milk;Evening
Friday;Potato;Orange;Chicken;Cheese;Afternoon
Saturday;Pasta;Apple;Chicken;Cheese;Evening
Sunday;Bread;Blueberry;Beef;Milk;Morning
Monday;Rice;Apple;Fish;Cheese;Afternoon
Tuesday;Bread;Apple;Chicken;Milk;Evening
Wednesday;Bread;Blueberry;Beef;Egg;Afternoon
Thursday;Potato;Grapes;Chicken;Cheese;Morning
Friday;Pasta;Grapes;Chicken;Milk;Evening
Saturday;Rice;Apple;Fish;Milk;Evening
Sunday;Bread;Orange;Beef;Cheese;Evening
Monday;Bread;Grapes;Chicken;Cheese;Morning
Tuesday;Pasta;Apple;Fish;Cheese;Afternoon
Wednesday;Bread;Apple;Chicken;Cheese;Afternoon
Thursday;Potato;Grapes;Chicken;Cheese;Morning
Friday;Bread;Orange;Chicken;Milk;Evening
Saturday;Pasta;Apple;Fish;Egg;Evening
Sunday;Bread;Apple;Fish;Egg;Evening
Monday;Bread;Orange;Fish;Milk;Afternoon
Tuesday;Potato;Apple;Chicken;Milk;Evening
Wednesday;Pasta;Banana;Beef;Egg;Morning
Thursday;Bread;Grapes;Fish;Butter;Evening
Friday;Pasta;Blueberry;Beef;Butter;Morning
Saturday;Bread;Blueberry;Beef;Cheese;Evening
Sunday;Potato;Banana;Beef;Butter;Morning
Monday;Pasta;Orange;Chicken;Butter;Evening
Tuesday;Bread;Blueberry;Chicken;Egg;Evening
Wednesday;Bread;Orange;Fish;Egg;Evening
Thursday;Pasta;Apple;Beef;Cheese;Morning
Friday;Bread;Grapes;Chicken;Cheese;Afternoon
Saturday;Potato;Apple;Chicken;Cheese;Evening
Sunday;Bread;Orange;Chicken;Egg;Morning
Monday;Rice;Apple;Chicken;Egg;Evening
Tuesday;Pasta;Banana;Chicken;Butter;Afternoon
Wednesday;Bread;Apple;Chicken;Cheese;Afternoon
Thursday;Bread;Apple;Beef;Butter;Evening
Friday;Potato;Blueberry;Chicken;Cheese;Evening
Saturday;Bread;Apple;Chicken;Cheese;Evening
Sunday;Potato;Grapes;Chicken;Butter;Evening
Monday;Bread;Banana;Fish;Milk;Morning
Tuesday;Bread;Orange;Beef;Milk;Evening
Wednesday;Bread;Blueberry;Chicken;Cheese;Evening
Thursday;Potato;Apple;Chicken;Butter;Afternoon
Friday;Pasta;Blueberry;Chicken;Butter;Afternoon
Saturday;Bread;Apple;Chicken;Butter;Evening
Sunday;Bread;Banana;Fish;Cheese;Afternoon
Monday;Bread;Orange;Chicken;Butter;Evening
Tuesday;Pasta;Grapes;Chicken;Egg;Morning
Wednesday;Rice;Orange;Chicken;Cheese;Evening
Thursday;Bread;Orange;Beef;Butter;Evening
Friday;Pasta;Grapes;Chicken;Milk;Evening
Saturday;Potato;Orange;Chicken;Egg;Afternoon
Sunday;Bread;Apple;Fish;Egg;Afternoon
Monday;Pasta;Apple;Fish;Cheese;Evening
Tuesday;Bread;Grapes;Fish;Egg;Afternoon
Wednesday;Pasta;Banana;Chicken;Milk;Evening
Thursday;Bread;Apple;Beef;Milk;Evening
Friday;Bread;Banana;Fish;Cheese;Evening
Saturday;Bread;Apple;Beef;Cheese;Morning
Sunday;Pasta;Apple;Fish;Milk;Evening
Monday;Rice;Banana;Fish;Cheese;Evening
Tuesday;Bread;Apple;Fish;Butter;Evening
Wednesday;Potato;Apple;Chicken;Cheese;Evening
Thursday;Potato;Orange;Chicken;Butter;Afternoon
Friday;Bread;Orange;Chicken;Cheese;Evening
Saturday;Bread;Apple;Chicken;Egg;Morning
Sunday;Bread;Apple;Beef;Egg;Evening
Monday;Bread;Banana;Chicken;Egg;Evening
Tuesday;Bread;Blueberry;Beef;Butter;Morning
Wednesday;Potato;Apple;Chicken;Cheese;Morning
Thursday;Bread;Grapes;Chicken;Butter;Afternoon
Friday;Bread;Grapes;Beef;Egg;Evening
Saturday;Potato;Blueberry;Beef;Egg;Evening
Sunday;Pasta;Orange;Fish;Milk;Morning
Monday;Rice;Orange;Fish;Cheese;Afternoon
Tuesday;Bread;Grapes;Fish;Egg;Evening
Wednesday;Bread;Grapes;Beef;Cheese;Evening
Thursday;Potato;Grapes;Chicken;Butter;Evening
Friday;Bread;Orange;Chicken;Cheese;Afternoon
Saturday;Bread;Apple;Fish;Butter;Evening
Sunday;Potato;Apple;Fish;Butter;Evening
Monday;Potato;Apple;Chicken;Cheese;Evening
Tuesday;Rice;Apple;Beef;Cheese;Evening
Wednesday;Rice;Orange;Fish;Cheese;Morning
Thursday;Bread;Banana;Chicken;Egg;Afternoon
Friday;Bread;Blueberry;Chicken;Milk;Evening
Saturday;Bread;Blueberry;Fish;Cheese;Evening
Sunday;Potato;Blueberry;Fish;Butter;Evening
Monday;Pasta;Orange;Chicken;Butter;Evening
Tuesday;Potato;Apple;Chicken;Cheese;Afternoon
Wednesday;Potato;Blueberry;Fish;Egg;Afternoon
Thursday;Potato;Blueberry;Chicken;Cheese;Morning
Friday;Pasta;Orange;Fish;Egg;Evening
Saturday;Rice;Grapes;Chicken;Milk;Evening
Sunday;Bread;Banana;Chicken;Cheese;Afternoon
Monday;Rice;Banana;Chicken;Cheese;Afternoon
Tuesday;Bread;Orange;Chicken;Butter;Afternoon
Wednesday;Bread;Orange;Fish;Butter;Morning
Thursday;Potato;Banana;Fish;Egg;Afternoon
Friday;Potato;Orange;Chicken;Butter;Evening
Saturday;Pasta;Apple;Fish;Butter;Evening
Sunday;Pasta;Banana;Chicken;Egg;Morning
Monday;Bread;Banana;Chicken;Cheese;Morning
Tuesday;Bread;Apple;Chicken;Cheese;Evening
Wednesday;Bread;Banana;Fish;Butter;Evening
Thursday;Bread;Apple;Chicken;Butter;Evening
Friday;Bread;Apple;Chicken;Butter;Evening
Saturday;Bread;Orange;Fish;Butter;Morning
Sunday;Bread;Apple;Beef;Butter;Afternoon
Monday;Pasta;Grapes;Chicken;Cheese;Morning
Tuesday;Bread;Orange;Chicken;Cheese;Evening
Wednesday;Rice;Apple;Beef;Milk;Afternoon
Thursday;Pasta;Banana;Chicken;Cheese;Evening
Friday;Bread;Blueberry;Beef;Cheese;Evening
Saturday;Bread;Apple;Chicken;Cheese;Evening
Sunday;Rice;Blueberry;Fish;Butter;Evening
Monday;Bread;Apple;Fish;Egg;Morning
Tuesday;Rice;Blueberry;Chicken;Cheese;Morning
Wednesday;Bread;Apple;Chicken;Cheese;Morning
Thursday;Rice;Grapes;Beef;Butter;Evening
Friday;Potato;Orange;Chicken;Milk;Afternoon
Saturday;Pasta;Blueberry;Beef;Cheese;Evening
Sunday;Rice;Orange;Beef;Butter;Morning
Monday;Bread;Banana;Beef;Egg;Evening
Tuesday;Rice;Banana;Beef;Cheese;Evening
Wednesday;Potato;Apple;Chicken;Cheese;Afternoon
Thursday;Bread;Banana;Chicken;Cheese;Afternoon
Friday;Bread;Banana;Fish;Butter;Morning
Saturday;Rice;Apple;Fish;Cheese;Evening
Sunday;Potato;Banana;Chicken;Cheese;Morning
Monday;Bread;Blueberry;Fish;Butter;Evening
Tuesday;Potato;Orange;Chicken;Egg;Evening
Wednesday;Bread;Orange;Beef;Cheese;Evening
Thursday;Bread;Apple;Chicken;Egg;Evening
Friday;Pasta;Banana;Chicken;Butter;Evening
Saturday;Bread;Apple;Chicken;Cheese;Morning
Sunday;Pasta;Blueberry;Beef;Butter;Afternoon
Monday;Bread;Blueberry;Beef;Cheese;Afternoon
Tuesday;Bread;Apple;Chicken;Cheese;Afternoon
Wednesday;Bread;Apple;Fish;Cheese;Evening
Thursday;Bread;Orange;Chicken;Cheese;Afternoon
Friday;Bread;Grapes;Chicken;Egg;Afternoon
Saturday;Rice;Banana;Chicken;Butter;Evening
Sunday;Potato;Blueberry;Chicken;Cheese;Morning
Monday;Bread;Apple;Fish;Butter;Evening
Tuesday;Potato;Apple;Beef;Milk;Afternoon
Wednesday;Bread;Banana;Chicken;Butter;Evening
Thursday;Potato;Blueberry;Fish;Milk;Evening
Friday;Rice;Orange;Chicken;Cheese;Morning
Saturday;Bread;Orange;Fish;Milk;Evening
Sunday;Pasta;Blueberry;Chicken;Cheese;Morning
Monday;Bread;Orange;Chicken;Cheese;Evening
Tuesday;Bread;Grapes;Chicken;Cheese;Evening
Wednesday;Rice;Grapes;Beef;Egg;Evening
Thursday;Pasta;Banana;Beef;Cheese;Evening
Friday;Potato;Grapes;Chicken;Milk;Morning
Saturday;Potato;Blueberry;Chicken;Milk;Evening
Sunday;Bread;Blueberry;Chicken;Milk;Evening
Monday;Pasta;Grapes;Chicken;Butter;Afternoon
Tuesday;Pasta;Apple;Fish;Cheese;Afternoon
Wednesday;Rice;Apple;Beef;Cheese;Afternoon
Thursday;Potato;Apple;Fish;Egg;Morning
Friday;Bread;Orange;Beef;Butter;Evening
Saturday;Bread;Grapes;Beef;Butter;Evening
Sunday;Potato;Apple;Chicken;Cheese;Evening
Monday;Bread;Apple;Chicken;Milk;Evening
Tuesday;Bread;Orange;Fish;Cheese;Morning
Wednesday;Bread;Orange;Chicken;Milk;Evening
Thursday;Bread;Blueberry;Fish;Butter;Morning
Friday;Pasta;Apple;Beef;Butter;Morning
Saturday;Bread;Blueberry;Chicken;Cheese;Afternoon
Sunday;Pasta;Banana;Chicken;Milk;Evening
Monday;Pasta;Apple;Chicken;Cheese;Afternoon
Tuesday;Bread;Grapes;Fish;Cheese;Morning
Wednesday;Pasta;Apple;Chicken;Cheese;Morning
Thursday;Rice;Banana;Fish;Egg;Evening
Friday;Rice;Orange;Beef;Milk;Morning
Saturday;Rice;Grapes;Beef;Cheese;Evening
Sunday;Potato;Apple;Chicken;Egg;Afternoon
Monday;Rice;Apple;Fish;Egg;Evening
Tuesday;Pasta;Apple;Chicken;Butter;Evening
Wednesday;Pasta;Orange;Beef;Cheese;Morning
Thursday;Bread;Apple;Chicken;Milk;Afternoon
Friday;Rice;Apple;Chicken;Cheese;Evening
Saturday;Potato;Apple;Chicken;Milk;Morning
Sunday;Pasta;Orange;Beef;Cheese;Afternoon
Monday;Bread;Apple;Beef;Butter;Morning
Tuesday;Bread;Apple;Chicken;Milk;Afternoon
Wednesday;Potato;Apple;Fish;Egg;Morning
Thursday;Bread;Apple;Chicken;Milk;Morning
Friday;Bread;Apple;Chicken;Cheese;Afternoon
Saturday;Bread;Grapes;Fish;Egg;Morning
Sunday;Potato;Apple;Beef;Cheese;Evening
Monday;Bread;Blueberry;Beef;Egg;Morning
Tuesday;Pasta;Blueberry;Chicken;Cheese;Morning
Wednesday;Bread;Apple;Beef;Cheese;Afternoon
Thursday;Bread;Banana;Chicken;Cheese;Morning
Friday;Bread;Blueberry;Chicken;Egg;Morning
Saturday;Pasta;Orange;Chicken;Butter;Morning
Sunday;Pasta;Orange;Beef;Egg;Evening
Monday;Bread;Apple;Chicken;Cheese;Evening
Tuesday;Rice;Blueberry;Chicken;Milk;Evening
Wednesday;Bread;Blueberry;Chicken;Cheese;Morning
Thursday;Pasta;Apple;Chicken;Egg;Evening
Friday;Bread;Apple;Chicken;Cheese;Afternoon
Saturday;Bread;Orange;Chicken;Egg;Evening
Sunday;Bread;Banana;Chicken;Cheese;Evening
Monday;Bread;Blueberry;Fish;Cheese;Afternoon
Tuesday;Bread;Apple;Chicken;Butter;Evening
Wednesday;Rice;Blueberry;Beef;Butter;Evening
Thursday;Potato;Grapes;Chicken;Cheese;Evening
Friday;Bread;Apple;Chicken;Cheese;Morning
Saturday;Bread;Orange;Beef;Cheese;Morning
Sunday;Potato;Apple;Chicken;Egg;Evening
Monday;Pasta;Orange;Chicken;Cheese;Morning
Tuesday;Bread;Apple;Beef;Cheese;Morning
Wednesday;Bread;Blueberry;Beef;Milk;Evening
Thursday;Pasta;Banana;Fish;Cheese;Evening
Friday;Potato;Orange;Beef;Cheese;Evening
Saturday;Bread;Apple;Beef;Butter;Morning
Sunday;Potato;Apple;Chicken;Cheese;Afternoon
Monday;Bread;Apple;Beef;Milk;Evening
Tuesday;Pasta;Grapes;Fish;Butter;Evening
Wednesday;Rice;Banana;Fish;Milk;Evening
Thursday;Bread;Grapes;Fish;Butter;Evening
Friday;Pasta;Grapes;Chicken;Egg;Evening
Saturday;Pasta;Orange;Chicken;Egg;Evening
Sunday;Bread;Apple;Chicken;Butter;Evening
Monday;Rice;Banana;Chicken;Milk;Morning
Tuesday;Bread;Orange;Beef;Milk;Afternoon
Wednesday;Rice;Orange;Chicken;Milk;Morning
Thursday;Rice;Apple;Beef;Egg;Afternoon
Friday;Bread;Orange;Beef;Cheese;Evening
Saturday;Bread;Apple;Chicken;Egg;Afternoon
Sunday;Bread;Orange;Fish;Milk;Morning
Monday;Rice;Apple;Fish;Egg;Evening
Tuesday;Bread;Orange;Chicken;Cheese;Morning
Wednesday;Bread;Grapes;Chicken;Milk;Evening
Thursday;Bread;Blueberry;Beef;Butter;Evening
Friday;Bread;Apple;Chicken;Butter;Afternoon
Saturday;Bread;Banana;Chicken;Butter;Morning
Sunday;Bread;Orange;Fish;Milk;Evening
Monday;Bread;Apple;Chicken;Cheese;Morning
Tuesday;Bread;Apple;Chicken;Cheese;Evening
Wednesday;Potato;Blueberry;Chicken;Egg;Afternoon
Thursday;Potato;Apple;Fish;Butter;Evening
Friday;Potato;Orange;Beef;Butter;Afternoon
Saturday;Bread;Orange;Chicken;Milk;Afternoon
Sunday;Bread;Blueberry;Chicken;Cheese;Evening
Monday;Pasta;Apple;Beef;Cheese;Evening
Tuesday;Bread;Apple;Chicken;Egg;Evening
Wednesday;Pasta;Apple;Chicken;Milk;Evening
Thursday;Bread;Orange;Fish;Butter;Morning
Friday;Pasta;Blueberry;Fish;Butter;Afternoon
Saturday;Bread;Blueberry;Chicken;Milk;Evening
Sunday;Bread;Orange;Beef;Butter;Morning
Monday;Pasta;Orange;Beef;Milk;Evening
Tuesday;Bread;Apple;Beef;Cheese;Morning
Wednesday;Bread;Blueberry;Beef;Butter;Evening
Thursday;Bread;Apple;Fish;Milk;Evening
Friday;Pasta;Orange;Beef;Cheese;Evening
Saturday;Bread;Orange;Fish;Butter;Morning
Sunday;Bread;Apple;Beef;Cheese;Evening
Monday;Pasta;Apple;Chicken;Cheese;Evening
Tuesday;Bread;Orange;Fish;Cheese;Evening
Wednesday;Rice;Apple;Chicken;Milk;Morning
Thursday;Rice;Orange;Beef;Butter;Morning
Friday;Bread;Blueberry;Chicken;Cheese;Evening
Saturday;Pasta;Apple;Chicken;Butter;Evening
Sunday;Bread;Orange;Beef;Milk;Morning
Monday;Potato;Orange;Chicken;Cheese;Afternoon
Tuesday;Bread;Banana;Beef;Milk;Evening
Wednesday;Rice;Apple;Chicken;Egg;Evening
Thursday;Bread;Grapes;Chicken;Butter;Evening
Friday;Potato;Blueberry;Chicken;Cheese;Morning
Saturday;Bread;Banana;Chicken;Cheese;Morning
Sunday;Rice;Orange;Beef;Egg;Evening
Monday;Rice;Blueberry;Chicken;Cheese;Evening
Tuesday;Pasta;Orange;Fish;Milk;Morning
Wednesday;Bread;Apple;Fish;Butter;Evening
Thursday;Bread;Banana;Chicken;Butter;Evening
Friday;Pasta;Apple;Chicken;Milk;Evening
Saturday;Potato;Orange;Beef;Egg;Morning
Sunday;Pasta;Apple;Chicken;Cheese;Evening
Monday;Bread;Apple;Chicken;Egg;Afternoon
Tuesday;Bread;Grapes;Chicken;Egg;Evening
Wednesday;Bread;Apple;Beef;Cheese;Evening
Thursday;Potato;Apple;Chicken;Milk;Afternoon
Friday;Bread;Apple;Chicken;Egg;Afternoon
Saturday;Bread;Banana;Chicken;Milk;Evening
Sunday;Pasta;Blueberry;Fish;Butter;Evening
Monday;Pasta;Orange;Beef;Egg;Morning
Tuesday;Potato;Grapes;Beef;Cheese;Morning
Wednesday;Rice;Apple;Chicken;Egg;Evening
Thursday;Pasta;Orange;Fish;Milk;Evening
Friday;Bread;Banana;Chicken;Egg;Evening
Saturday;Bread;Banana;Beef;Milk;Morning
Sunday;Bread;Orange;Chicken;Butter;Evening
Monday;Bread;Orange;Chicken;Cheese;Evening
Tuesday;Bread;Apple;Chicken;Milk;Morning
Wednesday;Bread;Apple;Beef;Milk;Afternoon
Thursday;Bread;Orange;Chicken;Cheese;Evening
Friday;Pasta;Orange;Chicken;Egg;Evening
Saturday;Bread;Orange;Chicken;Milk;Evening
Sunday;Pasta;Apple;Fish;Egg;Afternoon
Monday;Potato;Apple;Chicken;Butter;Afternoon
Tuesday;Bread;Apple;Chicken;Cheese;Evening
Wednesday;Bread;Apple;Beef;Milk;Evening
Thursday;Bread;Orange;Fish;Cheese;Evening
Friday;Pasta;Blueberry;Chicken;Butter;Evening
Saturday;Bread;Orange;Fish;Milk;Morning
Sunday;Bread;Banana;Chicken;Cheese;Morning
Monday;Potato;Apple;Chicken;Milk;Morning
Tuesday;Bread;Orange;Fish;Egg;Evening
Wednesday;Bread;Apple;Beef;Cheese;Evening
Thursday;Pasta;Apple;Chicken;Cheese;Evening
Friday;Bread;Orange;Chicken;Butter;Evening
Saturday;Bread;Blueberry;Chicken;Butter;Evening
Sunday;Bread;Apple;Chicken;Milk;Morning
Monday;Bread;Banana;Beef;Butter;Evening
Tuesday;Pasta;Orange;Chicken;Butter;Evening
Wednesday;Pasta;Blueberry;Beef;Egg;Afternoon
Thursday;Pasta;Apple;Fish;Cheese;Afternoon
Friday;Bread;Apple;Chicken;Milk;Morning
Saturday;Pasta;Orange;Chicken;Egg;Evening
Sunday;Rice;Apple;Beef;Milk;Evening
Monday;Bread;Apple;Chicken;Milk;Evening
Tuesday;Pasta;Blueberry;Fish;Cheese;Morning
Wednesday;Bread;Blueberry;Chicken;Milk;Afternoon
Thursday;Potato;Apple;Chicken;Milk;Afternoon
Friday;Bread;Apple;Fish;Cheese;Evening
Saturday;Bread;Orange;Fish;Cheese;Evening
Sunday;Bread;Grapes;Chicken;Cheese;Afternoon
Monday;Bread;Blueberry;Fish;Egg;Evening
Tuesday;Rice;Orange;Beef;Milk;Evening
Wednesday;Pasta;Apple;Fish;Butter;Evening
Thursday;Bread;Grapes;Beef;Butter;Evening
Friday;Potato;Orange;Chicken;Butter;Afternoon
Saturday;Bread;Orange;Chicken;Cheese;Morning
Sunday;Bread;Banana;Beef;Egg;Morning
Monday;Pasta;Orange;Beef;Cheese;Evening
Tuesday;Potato;Apple;Beef;Egg;Morning
Wednesday;Bread;Apple;Chicken;Milk;Morning
Thursday;Rice;Apple;Chicken;Butter;Afternoon
Friday;Bread;Banana;Fish;Milk;Afternoon
Saturday;Potato;Blueberry;Chicken;Egg;Evening
Sunday;Rice;Banana;Chicken;Cheese;Evening
Monday;Bread;Blueberry;Beef;Butter;Morning
Tuesday;Bread;Apple;Chicken;Cheese;Afternoon
Wednesday;Bread;Apple;Chicken;Butter;Afternoon
Thursday;Bread;Orange;Chicken;Milk;Afternoon
Friday;Potato;Orange;Chicken;Butter;Evening
Saturday;Pasta;Grapes;Chicken;Cheese;Evening
Sunday;Bread;Orange;Chicken;Milk;Evening
Monday;Potato;Grapes;Beef;Milk;Morning
Tuesday;Bread;Grapes;Chicken;Cheese;Evening
Wednesday;Bread;Blueberry;Chicken;Cheese;Morning
Thursday;Bread;Orange;Fish;Cheese;Evening
Friday;Pasta;Blueberry;Beef;Cheese;Evening
Saturday;Bread;Orange;Fish;Butter;Afternoon
Sunday;Rice;Blueberry;Fish;Cheese;Morning
Monday;Rice;Banana;Fish;Cheese;Morning
Tuesday;Bread;Banana;Chicken;Milk;Evening
Wednesday;Potato;Blueberry;Chicken;Cheese;Morning
Thursday;Bread;Orange;Chicken;Milk;Afternoon
Friday;Rice;Apple;Beef;Milk;Evening
Saturday;Bread;Blueberry;Chicken;Egg;Afternoon
Sunday;Rice;Banana;Chicken;Cheese;Evening
Monday;Bread;Apple;Beef;Egg;Evening
Tuesday;Bread;Banana;Fish;Butter;Afternoon
Wednesday;Pasta;Orange;Chicken;Milk;Evening
Thursday;Bread;Apple;Chicken;Milk;Evening
Friday;Potato;Banana;Chicken;Milk;Evening
Saturday;Pasta;Apple;Beef;Milk;Morning
Sunday;Rice;Apple;Chicken;Cheese;Afternoon
Monday;Pasta;Orange;Beef;Cheese;Evening
Tuesday;Potato;Apple;Chicken;Cheese;Evening
Wednesday;Bread;Apple;Beef;Cheese;Evening
Thursday;Potato;Banana;Chicken;Egg;Morning
Friday;Bread;Apple;Chicken;Milk;Morning
Saturday;Bread;Banana;Chicken;Cheese;Morning
Sunday;Potato;Apple;Beef;Egg;Evening
Monday;Rice;Apple;Chicken;Cheese;Afternoon
Tuesday;Rice;Blueberry;Fish;Cheese;Afternoon
Wednesday;Rice;Grapes;Fish;Cheese;Evening
Thursday;Bread;Banana;Fish;Egg;Morning
Friday;Pasta;Banana;Fish;Cheese;Evening
Saturday;Bread;Orange;Fish;Milk;Evening
Sunday;Rice;Apple;Chicken;Cheese;Evening
Monday;Pasta;Apple;Fish;Egg;Morning
Tuesday;Rice;Banana;Chicken;Egg;Afternoon
Wednesday;Bread;Apple;Chicken;Cheese;Evening
Thursday;Rice;Orange;Beef;Milk;Morning
Friday;Bread;Apple;Fish;Egg;Morning
Saturday;Bread;Apple;Fish;Cheese;Evening
Sunday;Pasta;Grapes;Chicken;Cheese;Evening
Monday;Bread;Orange;Fish;Egg;Evening
Tuesday;Bread;Grapes;Fish;Milk;Afternoon
Wednesday;Rice;Blueberry;Beef;Cheese;Evening
Thursday;Bread;Blueberry;Fish;Cheese;Evening
Friday;Bread;Blueberry;Fish;Egg;Evening
Saturday;Rice;Banana;Beef;Milk;Evening
Sunday;Potato;Banana;Fish;Cheese;Morning
Monday;Bread;Apple;Chicken;Cheese;Morning
Tuesday;Bread;Apple;Fish;Butter;Evening
Wednesday;Rice;Grapes;Beef;Milk;Morning
Thursday;Potato;Apple;Fish;Cheese;Afternoon
Friday;Rice;Apple;Beef;Egg;Morning
Saturday;Bread;Blueberry;Beef;Cheese;Afternoon
Sunday;Potato;Banana;Beef;Cheese;Afternoon
Monday;Bread;Orange;Beef;Butter;Morning
Tuesday;Bread;Apple;Chicken;Cheese;Morning
Wednesday;Bread;Blueberry;Fish;Cheese;Afternoon
Thursday;Bread;Banana;Beef;Cheese;Evening
Friday;Potato;Orange;Chicken;Milk;Afternoon
Saturday;Bread;Apple;Chicken;Cheese;Evening
Sunday;Bread;Grapes;Beef;Cheese;Evening
Monday;Bread;Orange;Beef;Cheese;Evening
Tuesday;Potato;Orange;Fish;Cheese;Afternoon
Wednesday;Pasta;Apple;Chicken;Butter;Evening
Thursday;Pasta;Apple;Chicken;Egg;Afternoon
Friday;Pasta;Apple;Chicken;Cheese;Evening
Saturday;Potato;Apple;Chicken;Cheese;Morning
Sunday;Bread;Apple;Fish;Cheese;Evening
Monday;Rice;Banana;Fish;Egg;Afternoon
Tuesday;Potato;Banana;Fish;Egg;Evening
Wednesday;Rice;Orange;Beef;Cheese;Evening
Thursday;Rice;Orange;Chicken;Cheese;Morning
Friday;Potato;Apple;Beef;Cheese;Afternoon
Saturday;Pasta;Apple;Chicken;Butter;Afternoon
Sunday;Bread;Apple;Chicken;Butter;Evening
Monday;Bread;Grapes;Chicken;Butter;Evening
Tuesday;Bread;Banana;Chicken;Egg;Evening
Wednesday;Bread;Blueberry;Chicken;Butter;Morning
Thursday;Rice;Apple;Chicken;Cheese;Afternoon
Friday;Potato;Orange;Chicken;Egg;Morning
Saturday;Bread;Orange;Fish;Cheese;Afternoon
Sunday;Bread;Apple;Fish;Butter;Morning
Monday;Bread;Apple;Beef;Egg;Evening
Tuesday;Bread;Blueberry;Beef;Cheese;Evening
Wednesday;Pasta;Apple;Chicken;Egg;Afternoon
Thursday;Pasta;Apple;Chicken;Cheese;Afternoon
Friday;Bread;Blueberry;Beef;Cheese;Evening
Saturday;Bread;Orange;Chicken;Egg;Evening
Sunday;Potato;Blueberry;Chicken;Egg;Evening
Monday;Rice;Apple;Beef;Egg;Evening
Tuesday;Bread;Grapes;Chicken;Milk;Evening
Wednesday;Bread;Banana;Fish;Milk;Evening
Thursday;Bread;Orange;Beef;Butter;Evening
Friday;Rice;Blueberry;Chicken;Milk;Evening
Saturday;Bread;Blueberry;Chicken;Cheese;Afternoon
Sunday;Pasta;Apple;Chicken;Milk;Evening
Monday;Bread;Orange;Beef;Milk;Evening
Tuesday;Bread;Banana;Chicken;Butter;Morning
Wednesday;Pasta;Apple;Beef;Cheese;Evening
Thursday;Bread;Grapes;Fish;Egg;Evening
Friday;Rice;Grapes;Beef;Egg;Evening
Saturday;Pasta;Orange;Chicken;Egg;Afternoon
Sunday;Rice;Apple;Beef;Butter;Afternoon
Monday;Rice;Apple;Beef;Butter;Evening
Tuesday;Bread;Orange;Fish;Butter;Morning
Wednesday;Bread;Orange;Beef;Milk;Morning
Thursday;Bread;Apple;Beef;Cheese;Afternoon
Friday;Rice;Orange;Beef;Milk;Afternoon
Saturday;Rice;Banana;Beef;Cheese;Evening
Sunday;Bread;Banana;Chicken;Cheese;Morning
Monday;Potato;Banana;Fish;Milk;Afternoon
Tuesday;Potato;Apple;Chicken;Cheese;Evening
Wednesday;Potato;Apple;Chicken;Butter;Evening
Thursday;Bread;Banana;Chicken;Butter;Evening
Friday;Pasta;Orange;Chicken;Cheese;Afternoon
Saturday;Bread;Apple;Fish;Butter;Evening
Sunday;Bread;Blueberry;Fish;Cheese;Morning
Monday;Bread;Orange;Chicken;Cheese;Afternoon
Tuesday;Bread;Orange;Fish;Butter;Evening
Wednesday;Potato;Banana;Chicken;Butter;Evening
Thursday;Rice;Apple;Chicken;Egg;Morning
Friday;Pasta;Banana;Beef;Cheese;Evening
Saturday;Bread;Orange;Beef;Butter;Morning
Sunday;Bread;Grapes;Beef;Cheese;Morning
Monday;Pasta;Apple;Chicken;Cheese;Evening
Tuesday;Bread;Orange;Chicken;Cheese;Evening
Wednesday;Bread;Blueberry;Chicken;Milk;Evening
Thursday;Bread;Apple;Fish;Milk;Evening
Friday;Potato;Grapes;Chicken;Cheese;Evening
Saturday;Potato;Apple;Chicken;Egg;Evening
Sunday;Bread;Apple;Chicken;Butter;Evening
Monday;Bread;Orange;Fish;Cheese;Afternoon
Tuesday;Rice;Grapes;Fish;Cheese;Afternoon
Wednesday;Rice;Orange;Chicken;Milk;Evening
Thursday;Potato;Banana;Fish;Egg;Morning
Friday;Bread;Blueberry;Chicken;Egg;Morning
Saturday;Bread;Apple;Chicken;Egg;Afternoon
Sunday;Potato;Grapes;Beef;Cheese;Afternoon
Monday;Rice;Blueberry;Fish;Milk;Afternoon
Tuesday;Potato;Blueberry;Chicken;Milk;Evening
Wednesday;Bread;Orange;Chicken;Butter;Evening
Thursday;Bread;Banana;Chicken;Cheese;Evening
Friday;Rice;Apple;Chicken;Milk;Evening
Saturday;Pasta;Apple;Chicken;Milk;Evening
Sunday;Pasta;Banana;Chicken;Egg;Afternoon
Monday;Bread;Apple;Fish;Milk;Evening
Tuesday;Bread;Orange;Chicken;Milk;Afternoon
Wednesday;Rice;Grapes;Beef;Egg;Morning
Thursday;Bread;Grapes;Beef;Cheese;Evening
Friday;Bread;Apple;Beef;Milk;Afternoon
Saturday;Bread;Apple;Fish;Butter;Morning
Sunday;Bread;Orange;Fish;Cheese;Morning
Monday;Bread;Orange;Beef;Cheese;Evening
Tuesday;Bread;Apple;Beef;Cheese;Morning
Wednesday;Bread;Apple;Chicken;Milk;Morning
Thursday;Pasta;Apple;Fish;Butter;Afternoon
Friday;Rice;Orange;Chicken;Cheese;Afternoon
Saturday;Bread;Orange;Beef;Milk;Evening
Sunday;Potato;Grapes;Chicken;Cheese;Afternoon
Monday;Pasta;Apple;Fish;Milk;Evening
Tuesday;Potato;Blueberry;Chicken;Butter;Afternoon
Wednesday;Bread;Apple;Chicken;Egg;Evening
Thursday;Rice;Orange;Beef;Egg;Evening
Friday;Bread;Orange;Chicken;Egg;Morning
Saturday;Pasta;Orange;Fish;Cheese;Evening
Sunday;Potato;Apple;Chicken;Cheese;Evening
Monday;Potato;Grapes;Chicken;Cheese;Evening
Tuesday;Rice;Blueberry;Chicken;Cheese;Morning
Wednesday;Bread;Apple;Beef;Milk;Afternoon
Thursday;Rice;Grapes;Beef;Cheese;Afternoon
Friday;Bread;Banana;Fish;Milk;Evening
Saturday;Bread;Orange;Fish;Milk;Afternoon
Sunday;Bread;Apple;Chicken;Cheese;Evening
Monday;Rice;Apple;Chicken;Cheese;Evening
Tuesday;Potato;Blueberry;Chicken;Milk;Morning
Wednesday;Rice;Apple;Fish;Cheese;Morning
Thursday;Bread;Banana;Chicken;Cheese;Evening
Friday;Bread;Blueberry;Chicken;Milk;Evening
Saturday;Potato;Apple;Chicken;Cheese;Evening
Sunday;Bread;Apple;Beef;Cheese;Evening
Monday;Bread;Orange;Chicken;Egg;Evening
Tuesday;Bread;Orange;Fish;Egg;Evening
Wednesday;Rice;Orange;Fish;Milk;Afternoon
Thursday;Pasta;Apple;Chicken;Egg;Morning
Friday;Bread;Banana;Fish;Egg;Morning
Saturday;Bread;Apple;Chicken;Egg;Evening
Sunday;Potato;Blueberry;Beef;Egg;Morning
Monday;Bread;Grapes;Fish;Cheese;Evening
Tuesday;Potato;Apple;Chicken;Cheese;Morning
Wednesday;Bread;Grapes;Chicken;Egg;Afternoon
Thursday;Bread;Banana;Chicken;Cheese;Evening
Friday;Bread;Grapes;Beef;Cheese;Afternoon
Saturday;Potato;Orange;Chicken;Cheese;Evening
Sunday;Pasta;Orange;Chicken;Cheese;Evening
Monday;Rice;Apple;Chicken;Egg;Evening
Tuesday;Bread;Orange;Beef;Cheese;Afternoon
Wednesday;Bread;Apple;Chicken;Cheese;Afternoon
Thursday;Bread;Apple;Chicken;Egg;Morning
Friday;Bread;Apple;Beef;Cheese;Evening
Saturday;Rice;Blueberry;Chicken;Cheese;Evening
Sunday;Bread;Grapes;Fish;Milk;Evening
Monday;Bread;Blueberry;Chicken;Cheese;Morning
Tuesday;Pasta;Blueberry;Beef;Milk;Morning
Wednesday;Bread;Apple;Beef;Milk;Evening
Thursday;Bread;Banana;Fish;Butter;Evening
Friday;Rice;Grapes;Chicken;Cheese;Afternoon
Saturday;Rice;Apple;Fish;Cheese;Evening
Sunday;Bread;Grapes;Beef;Milk;Afternoon
Monday;Bread;Banana;Fish;Cheese;Evening
Tuesday;Bread;Orange;Fish;Cheese;Evening
Wednesday;Bread;Orange;Chicken;Milk;Evening
Thursday;Bread;Apple;Chicken;Milk;Evening
Friday;Bread;Grapes;Chicken;Milk;Evening
Saturday;Bread;Apple;Fish;Milk;Afternoon
Sunday;Pasta;Apple;Chicken;Milk;Morning
Monday;Potato;Orange;Chicken;Butter;Afternoon
Tuesday;Bread;Orange;Fish;Cheese;Evening
Wednesday;Potato;Blueberry;Chicken;Butter;Afternoon
Thursday;Potato;Apple;Fish;Butter;Evening
Friday;Bread;Apple;Chicken;Milk;Morning
Saturday;Rice;Apple;Beef;Milk;Afternoon
Sunday;Pasta;Orange;Fish;Cheese;Afternoon
Monday;Potato;Blueberry;Fish;Butter;Evening
Tuesday;Bread;Grapes;Chicken;Egg;Afternoon
Wednesday;Potato;Apple;Beef;Egg;Evening
Thursday;Bread;Apple;Chicken;Cheese;Afternoon
Friday;Bread;Grapes;Fish;Cheese;Afternoon
Saturday;Bread;Blueberry;Fish;Butter;Evening
Sunday;Bread;Blueberry;Beef;Milk;Evening
Monday;Potato;Orange;Fish;Egg;Afternoon
Tuesday;Pasta;Orange;Chicken;Butter;Morning
Wednesday;Pasta;Blueberry;Beef;Milk;Evening
Thursday;Bread;Apple;Fish;Egg;Morning
Friday;Bread;Apple;Beef;Milk;Evening
Saturday;Potato;Apple;Beef;Butter;Morning
Sunday;Pasta;Apple;Chicken;Milk;Evening
Monday;Rice;Grapes;Chicken;Milk;Evening
Tuesday;Pasta;Apple;Beef;Egg;Morning
Wednesday;Pasta;Apple;Fish;Cheese;Morning
Thursday;Bread;Banana;Beef;Cheese;Evening
Friday;Bread;Orange;Beef;Egg;Evening
Saturday;Potato;Orange;Fish;Egg;Evening
Sunday;Bread;Apple;Chicken;Cheese;Evening
Monday;Bread;Orange;Fish;Egg;Evening
Tuesday;Rice;Banana;Fish;Egg;Morning
Wednesday;Bread;Apple;Chicken;Cheese;Morning
Thursday;Bread;Orange;Beef;Cheese;Morning
Friday;Pasta;Apple;Chicken;Cheese;Morning
Saturday;Bread;Apple;Chicken;Egg;Evening
Sunday;Bread;Orange;Chicken;Cheese;Evening
Monday;Rice;Apple;Chicken;Cheese;Afternoon
Tuesday;Rice;Apple;Beef;Cheese;Afternoon
Wednesday;Potato;Orange;Chicken;Cheese;Evening
Thursday;Rice;Orange;Fish;Egg;Morning
Friday;Bread;Blueberry;Beef;Cheese;Evening
Saturday;Bread;Apple;Chicken;Egg;Morning
Sunday;Pasta;Banana;Beef;Cheese;Morning
Monday;Bread;Apple;Chicken;Egg;Evening
Tuesday;Pasta;Grapes;Chicken;Egg;Afternoon
Wednesday;Bread;Apple;Chicken;Milk;Afternoon
Thursday;Rice;Orange;Fish;Cheese;Evening
Friday;Rice;Apple;Chicken;Milk;Evening
Saturday;Bread;Grapes;Beef;Egg;Morning
Sunday;Pasta;Apple;Chicken;Butter;Afternoon
Monday;Bread;Orange;Chicken;Cheese;Afternoon
Tuesday;Rice;Apple;Fish;Butter;Afternoon
Wednesday;Rice;Apple;Chicken;Butter;Morning
Thursday;Potato;Orange;Fish;Cheese;Evening
Friday;Pasta;Grapes;Chicken;Butter;Morning
Saturday;Potato;Apple;Fish;Cheese;Morning
Sunday;Bread;Apple;Beef;Milk;Morning
Monday;Bread;Orange;Beef;Milk;Morning
Tuesday;Bread;Orange;Beef;Cheese;Evening
Wednesday;Pasta;Apple;Chicken;Egg;Evening
Thursday;Rice;Grapes;Beef;Cheese;Evening
Friday;Bread;Orange;Beef;Egg;Evening
Saturday;Potato;Apple;Beef;Egg;Morning
Sunday;Bread;Blueberry;Chicken;Cheese;Evening
Monday;Pasta;Banana;Chicken;Egg;Morning
Tuesday;Bread;Grapes;Chicken;Cheese;Afternoon
Wednesday;Bread;Orange;Beef;Milk;Morning
Thursday;Rice;Banana;Beef;Milk;Evening
Friday;Rice;Orange;Beef;Milk;Evening
Saturday;Potato;Orange;Chicken;Milk;Afternoon
Sunday;Bread;Grapes;Beef;Cheese;Evening
Monday;Bread;Grapes;Fish;Milk;Morning
Tuesday;Bread;Grapes;Fish;Cheese;Evening
Wednesday;Rice;Apple;Beef;Egg;Afternoon
Thursday;Potato;Blueberry;Beef;Cheese;Evening
Friday;Pasta;Apple;Chicken;Cheese;Morning
Saturday;Bread;Apple;Chicken;Cheese;Afternoon
Sunday;Bread;Apple;Chicken;Cheese;Evening
Monday;Pasta;Grapes;Chicken;Milk;Evening
Tuesday;Rice;Orange;Beef;Milk;Evening
Wednesday;Rice;Orange;Chicken;Milk;Morning
Thursday;Bread;Apple;Beef;Cheese;Evening
Friday;Bread;Apple;Fish;Butter;Evening
Saturday;Bread;Banana;Chicken;Egg;Evening
Sunday;Bread;Orange;Chicken;Butter;Evening
Monday;Bread;Orange;Beef;Egg;Evening
Tuesday;Bread;Grapes;Chicken;Cheese;Afternoon
Wednesday;Bread;Grapes;Beef;Butter;Evening
Thursday;Bread;Banana;Fish;Milk;Evening
Friday;Bread;Apple;Fish;Cheese;Afternoon
Saturday;Potato;Grapes;Fish;Cheese;Morning
Sunday;Bread;Apple;Fish;Egg;Evening
Monday;Pasta;Apple;Beef;Egg;Evening
Tuesday;Bread;Grapes;Chicken;Cheese;Evening
Wednesday;Rice;Blueberry;Chicken;Cheese;Evening
Thursday;Bread;Grapes;Beef;Egg;Afternoon
Friday;Rice;Orange;Beef;Egg;Evening
Saturday;Bread;Blueberry;Fish;Egg;Evening
Sunday;Bread;Apple;Chicken;Cheese;Morning
Monday;Bread;Apple;Fish;Butter;Morning
Tuesday;Bread;Apple;Beef;Egg;Evening
Wednesday;Rice;Orange;Chicken;Egg;Morning
Thursday;Bread;Grapes;Chicken;Milk;Afternoon
Friday;Bread;Grapes;Fish;Milk;Evening
Saturday;Bread;Apple;Chicken;Milk;Morning
Sunday;Bread;Orange;Chicken;Milk;Morning
Monday;Potato;Grapes;Beef;Butter;Afternoon
Tuesday;Rice;Banana;Beef;Cheese;Afternoon
Wednesday;Potato;Apple;Fish;Butter;Evening
Thursday;Pasta;Apple;Chicken;Milk;Evening
Friday;Potato;Grapes;Chicken;Cheese;Evening
Saturday;Potato;Orange;Chicken;Butter;Evening
Sunday;Potato;Apple;Chicken;Milk;Evening
Monday;Pasta;Banana;Chicken;Cheese;Evening
Tuesday;Pasta;Banana;Fish;Milk;Afternoon
Wednesday;Bread;Orange;Chicken;Butter;Morning
Thursday;Rice;Apple;Chicken;Milk;Morning
Friday;Bread;Orange;Chicken;Cheese;Evening
Saturday;Bread;Blueberry;Chicken;Egg;Evening
Sunday;Bread;Blueberry;Chicken;Butter;Morning
Monday;Bread;Orange;Fish;Butter;Afternoon
Tuesday;Pasta;Apple;Chicken;Egg;Afternoon
Wednesday;Rice;Blueberry;Beef;Milk;Evening
Thursday;Potato;Orange;Chicken;Cheese;Evening
Friday;Pasta;Blueberry;Chicken;Egg;Evening
Saturday;Rice;Blueberry;Chicken;Cheese;Evening
Sunday;Potato;Apple;Chicken;Cheese;Evening
Monday;Rice;Apple;Beef;Butter;Evening
Tuesday;Potato;Apple;Fish;Milk;Evening
Wednesday;Bread;Grapes;Chicken;Cheese;Evening
Thursday;Rice;Apple;Chicken;Cheese;Evening
Friday;Bread;Apple;Fish;Cheese;Morning
Saturday;Bread;Blueberry;Fish;Milk;Morning
Sunday;Bread;Orange;Beef;Cheese;Evening
Monday;Bread;Orange;Beef;Cheese;Afternoon
Tuesday;Pasta;Grapes;Chicken;Milk;Evening
Wednesday;Bread;Apple;Chicken;Butter;Evening
Thursday;Bread;Apple;Chicken;Cheese;Evening
Friday;Bread;Apple;Fish;Milk;Morning
Saturday;Bread;Apple;Chicken;Milk;Evening
Sunday;Bread;Blueberry;Chicken;Cheese;Evening
Monday;Rice;Orange;Chicken;Egg;Morning
Tuesday;Pasta;Grapes;Beef;Butter;Evening
Wednesday;Bread;Grapes;Beef;Milk;Afternoon
Thursday;Bread;Apple;Chicken;Butter;Afternoon
Friday;Bread;Orange;Chicken;Butter;Afternoon
Saturday;Potato;Orange;Chicken;Egg;Evening
Sunday;Rice;Apple;Fish;Butter;Evening
Monday;Bread;Orange;Beef;Cheese;Evening
Tuesday;Potato;Banana;Chicken;Egg;Evening
Wednesday;Rice;Apple;Chicken;Milk;Afternoon
Thursday;Potato;Grapes;Fish;Cheese;Evening
Friday;Bread;Orange;Chicken;Egg;Afternoon
Saturday;Bread;Apple;Beef;Cheese;Morning
